idx,resnum,resname,one
0,81,ASP,D
1,82,PRO,P
2,83,ASN,N
3,84,LEU,L
4,85,PHE,F
5,86,VAL,V
6,87,ALA,A
7,88,LEU,L
8,89,TYR,Y
9,90,ASP,D
10,91,PHE,F
11,92,VAL,V
12,93,ALA,A
13,94,SER,S
14,95,GLY,G
15,96,ASP,D
16,97,ASN,N
17,98,THR,T
18,99,LEU,L
19,100,SER,S
20,101,ILE,I
21,102,THR,T
22,103,LYS,K
23,104,GLY,G
24,105,GLU,E
25,106,LYS,K
26,107,LEU,L
27,108,ARG,R
28,109,VAL,V
29,110,LEU,L
30,111,GLY,G
31,112,TYR,Y
32,113,ASN,N
33,114,HIS,H
34,115,ASN,N
35,116,GLY,G
36,117,GLU,E
37,118,TRP,W
38,119,CYS,C
39,120,GLU,E
40,121,ALA,A
41,122,GLN,Q
42,123,THR,T
43,124,LYS,K
44,125,ASN,N
45,126,GLY,G
46,127,GLN,Q
47,128,GLY,G
48,129,TRP,W
49,130,VAL,V
50,131,PRO,P
51,132,SER,S
52,133,ASN,N
53,134,TYR,Y
54,135,ILE,I
55,136,THR,T
56,137,PRO,P
57,138,VAL,V
58,139,ASN,N
59,140,SER,S
60,141,LEU,L
61,142,GLU,E
62,143,LYS,K
63,144,HIS,H
64,145,SER,S
65,146,TRP,W
66,147,TYR,Y
67,148,HIS,H
68,149,GLY,G
69,150,PRO,P
70,151,VAL,V
71,152,SER,S
72,153,ARG,R
73,154,ASN,N
74,155,ALA,A
75,156,ALA,A
76,157,GLU,E
77,158,TYR,Y
78,159,LEU,L
79,160,LEU,L
80,161,SER,S
81,162,SER,S
82,163,GLY,G
83,164,ILE,I
84,165,ASN,N
85,166,GLY,G
86,167,SER,S
87,168,PHE,F
88,169,LEU,L
89,170,VAL,V
90,171,ARG,R
91,172,GLU,E
92,173,SER,S
93,174,GLU,E
94,175,SER,S
95,176,SER,S
96,177,PRO,P
97,178,GLY,G
98,179,GLN,Q
99,180,ARG,R
100,181,SER,S
101,182,ILE,I
102,183,SER,S
103,184,LEU,L
104,185,ARG,R
105,186,TYR,Y
106,187,GLU,E
107,188,GLY,G
108,189,ARG,R
109,190,VAL,V
110,191,TYR,Y
111,192,HIS,H
112,193,TYR,Y
113,194,ARG,R
114,195,ILE,I
115,196,ASN,N
116,197,THR,T
117,198,ALA,A
118,199,SER,S
119,200,ASP,D
120,201,GLY,G
121,202,LYS,K
122,203,LEU,L
123,204,TYR,Y
124,205,VAL,V
125,206,SER,S
126,207,SER,S
127,208,GLU,E
128,209,SER,S
129,210,ARG,R
130,211,PHE,F
131,212,ASN,N
132,213,THR,T
133,214,LEU,L
134,215,ALA,A
135,216,GLU,E
136,217,LEU,L
137,218,VAL,V
138,219,HIS,H
139,220,HIS,H
140,221,HIS,H
141,222,SER,S
142,223,THR,T
143,224,VAL,V
144,225,ALA,A
145,226,ASP,D
146,227,GLY,G
147,228,LEU,L
148,229,ILE,I
149,230,THR,T
150,231,THR,T
151,232,LEU,L
152,233,HIS,H
153,234,TYR,Y
154,235,PRO,P
155,236,ALA,A
156,237,PRO,P
157,238,LYS,K
158,239,ARG,R
159,240,ASN,N
160,241,LYS,K
161,242,PRO,P
162,243,THR,T
163,244,VAL,V
164,245,TYR,Y
165,246,GLY,G
166,247,VAL,V
167,248,SER,S
168,249,PRO,P
169,250,ASN,N
170,251,TYR,Y
171,252,ASP,D
172,253,LYS,K
173,254,TRP,W
174,255,GLU,E
175,256,MET,M
176,257,GLU,E
177,258,ARG,R
178,259,THR,T
179,260,ASP,D
180,261,ILE,I
181,262,THR,T
182,263,MET,M
183,264,LYS,K
184,265,HIS,H
185,266,LYS,K
186,267,LEU,L
187,268,GLY,G
188,269,GLY,G
189,270,GLY,G
190,271,GLN,Q
191,272,TYR,Y
192,273,GLY,G
193,274,GLU,E
194,275,VAL,V
195,276,TYR,Y
196,277,GLU,E
197,278,GLY,G
198,279,VAL,V
199,280,TRP,W
200,281,LYS,K
201,282,LYS,K
202,283,TYR,Y
203,284,SER,S
204,285,LEU,L
205,286,THR,T
206,287,VAL,V
207,288,ALA,A
208,289,VAL,V
209,290,LYS,K
210,291,THR,T
211,292,LEU,L
212,293,LYS,K
213,294,GLU,E
214,295,ASP,D
215,296,THR,T
216,297,MET,M
217,298,GLU,E
218,299,VAL,V
219,300,GLU,E
220,301,GLU,E
221,302,PHE,F
222,303,LEU,L
223,304,LYS,K
224,305,GLU,E
225,306,ALA,A
226,307,ALA,A
227,308,VAL,V
228,309,MET,M
229,310,LYS,K
230,311,GLU,E
231,312,ILE,I
232,313,LYS,K
233,314,HIS,H
234,315,PRO,P
235,316,ASN,N
236,317,LEU,L
237,318,VAL,V
238,319,GLN,Q
239,320,LEU,L
240,321,LEU,L
241,322,GLY,G
242,323,VAL,V
243,324,CYS,C
244,325,THR,T
245,326,ARG,R
246,327,GLU,E
247,328,PRO,P
248,329,PRO,P
249,330,PHE,F
250,331,TYR,Y
251,332,ILE,I
252,333,ILE,I
253,334,THR,T
254,335,GLU,E
255,336,PHE,F
256,337,MET,M
257,338,THR,T
258,339,TYR,Y
259,340,GLY,G
260,341,ASN,N
261,342,LEU,L
262,343,LEU,L
263,344,ASP,D
264,345,TYR,Y
265,346,LEU,L
266,347,ARG,R
267,348,GLU,E
268,349,CYS,C
269,350,ASN,N
270,351,ARG,R
271,352,GLN,Q
272,353,GLU,E
273,354,VAL,V
274,355,ASN,N
275,356,ALA,A
276,357,VAL,V
277,358,VAL,V
278,359,LEU,L
279,360,LEU,L
280,361,TYR,Y
281,362,MET,M
282,363,ALA,A
283,364,THR,T
284,365,GLN,Q
285,366,ILE,I
286,367,SER,S
287,368,SER,S
288,369,ALA,A
289,370,MET,M
290,371,GLU,E
291,372,TYR,Y
292,373,LEU,L
293,374,GLU,E
294,375,LYS,K
295,376,LYS,K
296,377,ASN,N
297,378,PHE,F
298,379,ILE,I
299,380,HIS,H
300,381,ARG,R
301,382,ASN,N
302,383,LEU,L
303,384,ALA,A
304,385,ALA,A
305,386,ARG,R
306,387,ASN,N
307,388,CYS,C
308,389,LEU,L
309,390,VAL,V
310,391,GLY,G
311,392,GLU,E
312,393,ASN,N
313,394,HIS,H
314,395,LEU,L
315,396,VAL,V
316,397,LYS,K
317,398,VAL,V
318,399,ALA,A
319,400,ASP,D
320,401,PHE,F
321,402,GLY,G
322,403,LEU,L
323,404,SER,S
324,405,ARG,R
325,406,LEU,L
326,407,MET,M
327,408,THR,T
328,409,GLY,G
329,410,ASP,D
330,411,THR,T
331,412,TYR,Y
332,413,THR,T
333,414,ALA,A
334,415,HIS,H
335,416,ALA,A
336,417,GLY,G
337,418,ALA,A
338,419,LYS,K
339,420,PHE,F
340,421,PRO,P
341,422,ILE,I
342,423,LYS,K
343,424,TRP,W
344,425,THR,T
345,426,ALA,A
346,427,PRO,P
347,428,GLU,E
348,429,SER,S
349,430,LEU,L
350,431,ALA,A
351,432,TYR,Y
352,433,ASN,N
353,434,LYS,K
354,435,PHE,F
355,436,SER,S
356,437,ILE,I
357,438,LYS,K
358,439,SER,S
359,440,ASP,D
360,441,VAL,V
361,442,TRP,W
362,443,ALA,A
363,444,PHE,F
364,445,GLY,G
365,446,VAL,V
366,447,LEU,L
367,448,LEU,L
368,449,TRP,W
369,450,GLU,E
370,451,ILE,I
371,452,ALA,A
372,453,THR,T
373,454,TYR,Y
374,455,GLY,G
375,456,MET,M
376,457,SER,S
377,458,PRO,P
378,459,TYR,Y
379,460,PRO,P
380,461,GLY,G
381,462,ILE,I
382,463,ASP,D
383,464,LEU,L
384,465,SER,S
385,466,GLN,Q
386,467,VAL,V
387,468,TYR,Y
388,469,GLU,E
389,470,LEU,L
390,471,LEU,L
391,472,GLU,E
392,473,LYS,K
393,474,ASP,D
394,475,TYR,Y
395,476,ARG,R
396,477,MET,M
397,478,GLU,E
398,479,ARG,R
399,480,PRO,P
400,481,GLU,E
401,482,GLY,G
402,483,CYS,C
403,484,PRO,P
404,485,GLU,E
405,486,LYS,K
406,487,VAL,V
407,488,TYR,Y
408,489,GLU,E
409,490,LEU,L
410,491,MET,M
411,492,ARG,R
412,493,ALA,A
413,494,CYS,C
414,495,TRP,W
415,496,GLN,Q
416,497,TRP,W
417,498,ASN,N
418,499,PRO,P
419,500,SER,S
420,501,ASP,D
421,502,ARG,R
422,503,PRO,P
423,504,SER,S
424,505,PHE,F
425,506,ALA,A
426,507,GLU,E
427,508,ILE,I
428,509,HIS,H
429,510,GLN,Q
430,511,ALA,A
431,512,PHE,F
432,513,GLU,E
433,514,THR,T
434,515,MET,M
435,516,PHE,F
436,517,GLN,Q
437,518,GLU,E
438,519,SER,S
439,520,SER,S
440,521,ILE,I
441,522,SER,S
442,523,ASP,D
443,524,GLU,E
444,525,VAL,V
445,526,GLU,E
446,527,LYS,K
447,528,GLU,E
448,529,LEU,L
449,530,GLY,G
450,531,LYS,K
